-- phpMyAdmin SQL Dump
-- version 5.1.0
-- https://www.phpmyadmin.net/
--
-- Host: 127.0.0.1
-- Generation Time: Jun 13, 2021 at 09:47 PM
-- Server version: 10.4.19-MariaDB
-- PHP Version: 8.0.6

SET SQL_MODE = "NO_AUTO_VALUE_ON_ZERO";
START TRANSACTION;
SET time_zone = "+00:00";


/*!40101 SET @OLD_CHARACTER_SET_CLIENT=@@CHARACTER_SET_CLIENT */;
/*!40101 SET @OLD_CHARACTER_SET_RESULTS=@@CHARACTER_SET_RESULTS */;
/*!40101 SET @OLD_COLLATION_CONNECTION=@@COLLATION_CONNECTION */;
/*!40101 SET NAMES utf8mb4 */;

--
-- Database: `melayu_islam_beraja`
--

-- --------------------------------------------------------

--
-- Table structure for table `articles`
--

CREATE TABLE `articles` (
  `a_id` int(11) NOT NULL,
  `a_title` varchar(255) NOT NULL,
  `a_content` text NOT NULL,
  `a_created` varchar(255) NOT NULL,
  `a_type` varchar(255) NOT NULL
) ENGINE=InnoDB DEFAULT CHARSET=utf8mb4;

--
-- Dumping data for table `articles`
--

INSERT INTO `articles` (`a_id`, `a_title`, `a_content`, `a_created`, `a_type`) VALUES
(31, 'MELAYU ISLAM BERAJA, ITS HISTORY AND ITS TEACHINGS', '<h3>1. THE MIB BASIS PERIOD (1368 &ndash; 1485)</h3>\r\n\r\n<p>Awang Alak Betatar laid the foundation for MIB as Brunei Darussalam&rsquo;s state concept immediately after he became a Muslim and took the title of Sultan Muhammad. His conversion to Islam made him, in effect, the first Sultan of Brunei who led his Malay subjects to gradually emulate the Islamic way of life.</p>\r\n\r\n<p><img alt=\"\" src=\"images/sultan1.JPG\" style=\"width:200px\" />The year in which Sultan Muhammad embraced Islam was not recorded in written form. This resulted in conflicting interpretations among local historians. According to Pengiran Haji Muhammad (1992 : 75), Awang Alak Betatar became Sultan Muhammad between 1406 to 1408. Haji Abdul Aziz (1992 : XXIV) concluded that Islam was introduced to Brunei prior to 1306, but only after Awang Alak Betatar became a Muslim and Islam officially accepted as the state religion. However, Pehin Jamil (1990 : 9) maintained that Brunei became an official Islamic state in 1368 after Awang Alak Betatar took the name of Sultan Muhammad. Unofficially, therefore, MIB became the state concept commencing from 1368. The willingness of the Malays who made up the population at that time, to embrace Islam after their sultan and their adherence to the teachings, values and principles laid down by the Quran and the Hadis (Prophet Muhammad&rsquo;s Traditions) was a manifestation that MIB was accepted as the state concept.</p>\r\n\r\n<blockquote>\r\n<p>&nbsp;</p>\r\n</blockquote>\r\n\r\n<p>In line with Islam&rsquo;s preference for male Muslims to be chosen as leaders or rulers of Islamic nations, Brunei Darussalam faced this dilemma when Sultan Ahmad (the second Sultan) passed away. There was a vacuum in leadership and as such the Malay population and the royal family could not find a suitable successor, as the former sultan had no male heir. Based on the consensus of the Malays, the son-in-law of the late sultan by the name of Sharif Ali, was asked to lead the sultanate and became the third Sultan of Brunei in 1426 (Pehin Jamil, 1992 : 6).</p>\r\n\r\n<p>The Islamic-based public administration was recognised and enhanced during Sultan Sharif Ali&rsquo;s reign beside retaining some of the positive Malay traditional ways of life which were in conformity with Islam (Othman, 1989 : 23). Sultan Sharif Ali&rsquo;s invaluable contribution towards the maintenance of MIB was the construction of mosques with Malay Arabic architecture. He advocated that a mosque should be the centre of learning and religious activities.</p>\r\n\r\n<p>The efforts shown by Sultan Sharif Ali in upholding MIB as the state concept were continued by his son and successor, Sultan Sulaiman who was to become the father of Sultan Bolkiah, the fifth ruler of Brunei and the founder of Brunei&rsquo;s empire which included Borneo, most of the Philippines and a part of Java.</p>\r\n', '2021-06-13 23:57:55', 'Melayu Islam Beraja'),
(32, 'Show World Good Virtues Of MIB', '<h1>&nbsp;</h1>\r\n\r\n<p>TO&nbsp;UPHOLD the titah of His Majesty Sultan Haji Hassanal Bolkiah Mu&rsquo;izzaddin Waddaulah ibni Al-Marhum Sultan Haji Omar &lsquo;Ali Saifuddien Sa&rsquo;adul Khairi Waddien, Sultan and Yang Di-Pertuan of Brunei Darussalam during a visit to the Ministry of Foreign Affairs and Trade (MoFAT) on January 21, 2016, the virtues of the national concept of Malay Islamic Monarchy (MIB) should be carried by its citizens not just in the country but also overseas.</p>\r\n\r\n<p>And as His Majesty stated in the titah we must extend our hands of friendship and build good terms with all people, where we must show to the world the good virtues of MIB and not to hide it in the country.</p>\r\n\r\n<p>Last year, in accordance of the duties of the Secretariat Office of MIB Supreme Council (MTMIB), the author accepted a formal invitation from Hasanuddin University in Indonesia to present a paper at the 5th International Seminar ASBAM.</p>\r\n\r\n<p>The seminar was held at the Karebosi Condotel Hotel, Makassar, Indonesia on 21st-22nd of Syawal 1437H corresponding July 26-27, 2016.</p>\r\n\r\n<p>At the two &ndash; day seminar, 153 papers were presented by delegates from Indonesia, Malaysia, Thailand, Cambodia, the United Kingdom, the United States and Brunei Darussalam.</p>\r\n\r\n<p>The author, representing Brunei Darussalam presented a paper entitled &lsquo;Malay Islamic Monarchy: Perspective of History&rsquo; describing how the discoveries of archaeological artefacts, historical, cultural heritages and manuscripts supported the validations of Brunei&rsquo;s existence since 600 years ago.</p>\r\n\r\n<p>The paper highlighted the importance of history and how it was used as a reference to show the beginning and the rise of MIB to become Brunei&rsquo;s way of life.</p>\r\n\r\n<p>The MIB paper raised curiosity among participants and sparked interest as they were intrigued to find out more about Brunei&rsquo;s way of life, the preservation of Brunei histories and how MIB shaped the country that she is today; a Malay nation that practices the traditional monarchy system of government, and Islam as their religion.</p>\r\n\r\n<p>Professor Dr Burhanuddin Arfah, a presenter from Indonesia stated that the name of national leaders who fought for the nation&rsquo;s political cause deserved to be preserved.</p>\r\n\r\n<p>He cited as an example Sultan Hasanuddin, a courageous leader of the nation who wanted to uphold the monarchial system when the Republic of Indonesia was introduced by President Sukarno in 1945.</p>\r\n\r\n<p>His struggle and leadership was commemorated by naming an airport and university after him &ndash; Airport Hasanuddin and Hasanuddin University.</p>\r\n\r\n<p>It was hoped that in his name, patriotism would be enlivened among the people, and a sense of nationality keeps flowing in their mind.</p>\r\n\r\n<p>The author conveyed the importance of Brunei&rsquo;s history towards the nation&rsquo;s development.</p>\r\n\r\n<p>As she continues to grow, her socio-economy and politics, the society preserves the culture, historical values and strengthen the national spirit; both the government and the society working harmoniously side by side, complementing one another.</p>\r\n\r\n<p>As heirs to our future, Brunei&rsquo;s history, tradition as well as MIB itself are disseminated and embedded in the minds of our millennial.</p>\r\n\r\n<p>For generations, our legacies have been carried forward and it has become a tradition in Brunei to pass on the torch to the youths.</p>\r\n\r\n<p>It is important that we harmonise the balance between the preservation of MIB and after-effects of globalisation.</p>\r\n\r\n<p>We must build relations with other countries via politics, international trade and tourism, while pertaining our principles as a Zikir nation, without deformities that could lead to the destruction of a society or political instability in the country.</p>\r\n\r\n<p>Our involvement with international seminars can bridge understanding and strengthen ties among the people of Brunei and outside Brunei.</p>\r\n\r\n<p>The MIB principles were crafted by Brunei&rsquo;s history and became the policy maker in Brunei Government, guiding the nation to move towards prosperity, harmony and peace.</p>\r\n\r\n<p>The never ending practice of MIB has brought prosperity and harmony throughout the 49 years reign of His Majesty.</p>\r\n', '2021-06-14 00:01:10', 'Melayu Islam Beraja'),
(33, 'our culture', '<p>s the world&rsquo;s oldest reigning monarchy, Brunei is home to centuries of royal heritage, with the current Sultan&rsquo;s family line dating back over 600 years. Walk through time and discover relics from an ancient shipwreck, take a stroll around the surroundings of a royal tomb, and experience history all over again through numerous exhibits and displays.</p>\r\n\r\n<p><img src=\"https://www.bruneitourism.com/wp-content/uploads/2019/08/Royal-Regalia-2-600x437.jpg?_t=1565563662\" style=\"height:709px; width:973px\" title=\"Royal-Regalia\" /></p>\r\n\r\n<h3>Royal Regalia Museum</h3>\r\n\r\n<p>This museum houses the Sultan&rsquo;s full royal regalia, as well as exhibits commemorating the Silver and Golden Jubilee celebrations of the present monarch&rsquo;s reign. Visitors are greeted with the very same golden chariot used to bring the Sultan through the city streets during the Silver Jubilee celebration in 1992.</p>\r\n\r\n<p><img src=\"https://www.bruneitourism.com/wp-content/uploads/2019/08/Brunei-History-centre-600x437.jpg?_t=1565563683\" style=\"height:709px; width:973px\" title=\"Brunei-History-centre\" /></p>\r\n\r\n<h3>Brunei History Centre</h3>\r\n\r\n<p>Dedicated to the research, collection, publication and exhibition of Brunei&rsquo;s history, the centre offers a fascinating look into the nation&rsquo;s past, including elaborate displays of antique cannons and intricate daggers. There&rsquo;s also a gallery showcasing treasures unearthed from shipwrecks off Brunei&rsquo;s coast!</p>\r\n\r\n<p><img src=\"https://www.bruneitourism.com/wp-content/uploads/2019/08/Belait-History-centre-600x437.jpg?_t=1565563600\" style=\"height:709px; width:973px\" title=\"Belait-History-centre\" /></p>\r\n\r\n<h3>Belait District Museum</h3>\r\n\r\n<p>The Belait District Museum, the only one outside of the Brunei-Muara District was once the residence of a Deputy British Resident. Built in the 1930s, it still has nearly all of its original structures &ndash; an elemental combination of Malay and colonial architecture. The museum displays the history, ethnicity, and even wildlife found in the district.</p>\r\n\r\n<p><img src=\"https://www.bruneitourism.com/wp-content/uploads/2019/08/Sultan-Bolkiah-Mausoleum-600x437.jpg?_t=1565563739\" style=\"height:709px; width:973px\" title=\"Sultan-Bolkiah-Mausoleum\" /></p>\r\n\r\n<h3>Sultan Bolkiah Mausoleum</h3>\r\n\r\n<p>Sultan Bolkiah was widely regarded as the monarch whose reign brought upon Brunei&rsquo;s &lsquo;Golden Age&rsquo; of power and influence. As much as Borneo, the Southern Philippines and Manila came under his rule. The site of the memorial is also scenic, overlooking the Brunei River and surrounded by green nature.</p>\r\n\r\n<p><img src=\"https://www.bruneitourism.com/wp-content/uploads/2019/08/Sultan-Sharif-Ali-Mausoleum-600x437.jpg?_t=1565563772\" style=\"height:709px; width:973px\" title=\"Sultan-Sharif-Ali-Mausoleum\" /></p>\r\n\r\n<h3>Sultan Sharif Ali Mausoleum</h3>\r\n\r\n<p>Not too far from the Sultan Bolkiah Mausoleum is the resting place of Brunei&rsquo;s third Sultan, Sultan Sharif Ali, who added the phrase &lsquo;Darussalam&rsquo; to the country&rsquo;s name. A sense of historical importance is palpable here, and for good reason: this area was the ancient capital of Brunei&rsquo;s maritime empire.</p>\r\n\r\n<p><img src=\"https://www.bruneitourism.com/wp-content/uploads/2019/08/batu_tersilah-600x437.jpg?_t=1565563595\" style=\"height:709px; width:973px\" title=\"batu_tersilah\" /></p>\r\n\r\n<h3>Batu Tersilah</h3>\r\n\r\n<p>It might be easy to miss this four-foot tall stone in the shadow of the grand Royal Mausoleum, but that doesn&rsquo;t diminish the importance the Batu Tersilah has on the country&rsquo;s history in the least. Constructed due to the request of Brunei&rsquo;s 14th and 16th Sultans, Sultan Muhyiddin and Sultan Husin Kamaluddin, the names of the country&rsquo;s rulers, from the first, Sultan Muhammad Shah to the nineteenth monarch, Sultan Tajuddin are carved on the stone. Batu Tersilah can be found outside the Royal Mausoleum and a replica of it can also be found in the Brunei History Centre.</p>\r\n\r\n<p><img src=\"https://www.bruneitourism.com/wp-content/uploads/2019/08/Maritime-museum-600x437.jpg?_t=1565563611\" style=\"height:709px; width:973px\" title=\"Maritime-museum\" /></p>\r\n\r\n<h3>Brunei Darussalam Maritime Museum</h3>\r\n\r\n<p>In 1997, a shipwreck off the coast of Brunei was discovered and unearthed over 13,000 valuable artefacts, giving a peek into the nation&rsquo;s maritime history and role as a leading trading power. The awe-inspiring skeleton of the vessel can be found in the Brunei Darussalam Maritime Museum, along with an exhibition on the history of the country&rsquo;s ancient capital.</p>\r\n', '2021-06-14 00:02:12', 'Culture'),
(34, 'Customs and traditions', '<p>s the world&rsquo;s oldest reigning monarchy, Brunei is home to centuries of royal heritage, with the current Sultan&rsquo;s family line dating back over 600 years. Walk through time and discover relics from an ancient shipwreck, take a stroll around the surroundings of a royal tomb, and experience history all over again through numerous exhibits and displays.</p>\r\n\r\n<p><img src=\"https://www.bruneitourism.com/wp-content/uploads/2019/08/Royal-Regalia-2-600x437.jpg?_t=1565563662\" style=\"height:709px; width:973px\" title=\"Royal-Regalia\" /></p>\r\n\r\n<h3>Royal Regalia Museum</h3>\r\n\r\n<p>This museum houses the Sultan&rsquo;s full royal regalia, as well as exhibits commemorating the Silver and Golden Jubilee celebrations of the present monarch&rsquo;s reign. Visitors are greeted with the very same golden chariot used to bring the Sultan through the city streets during the Silver Jubilee celebration in 1992.</p>\r\n\r\n<p><img src=\"https://www.bruneitourism.com/wp-content/uploads/2019/08/Brunei-History-centre-600x437.jpg?_t=1565563683\" style=\"height:709px; width:973px\" title=\"Brunei-History-centre\" /></p>\r\n\r\n<h3>Brunei History Centre</h3>\r\n\r\n<p>Dedicated to the research, collection, publication and exhibition of Brunei&rsquo;s history, the centre offers a fascinating look into the nation&rsquo;s past, including elaborate displays of antique cannons and intricate daggers. There&rsquo;s also a gallery showcasing treasures unearthed from shipwrecks off Brunei&rsquo;s coast!</p>\r\n\r\n<p><img src=\"https://www.bruneitourism.com/wp-content/uploads/2019/08/Belait-History-centre-600x437.jpg?_t=1565563600\" style=\"height:709px; width:973px\" title=\"Belait-History-centre\" /></p>\r\n\r\n<h3>Belait District Museum</h3>\r\n\r\n<p>The Belait District Museum, the only one outside of the Brunei-Muara District was once the residence of a Deputy British Resident. Built in the 1930s, it still has nearly all of its original structures &ndash; an elemental combination of Malay and colonial architecture. The museum displays the history, ethnicity, and even wildlife found in the district.</p>\r\n\r\n<p><img src=\"https://www.bruneitourism.com/wp-content/uploads/2019/08/Sultan-Bolkiah-Mausoleum-600x437.jpg?_t=1565563739\" style=\"height:709px; width:973px\" title=\"Sultan-Bolkiah-Mausoleum\" /></p>\r\n\r\n<h3>Sultan Bolkiah Mausoleum</h3>\r\n\r\n<p>Sultan Bolkiah was widely regarded as the monarch whose reign brought upon Brunei&rsquo;s &lsquo;Golden Age&rsquo; of power and influence. As much as Borneo, the Southern Philippines and Manila came under his rule. The site of the memorial is also scenic, overlooking the Brunei River and surrounded by green nature.</p>\r\n\r\n<p><img src=\"https://www.bruneitourism.com/wp-content/uploads/2019/08/Sultan-Sharif-Ali-Mausoleum-600x437.jpg?_t=1565563772\" style=\"height:709px; width:973px\" title=\"Sultan-Sharif-Ali-Mausoleum\" /></p>\r\n\r\n<h3>Sultan Sharif Ali Mausoleum</h3>\r\n\r\n<p>Not too far from the Sultan Bolkiah Mausoleum is the resting place of Brunei&rsquo;s third Sultan, Sultan Sharif Ali, who added the phrase &lsquo;Darussalam&rsquo; to the country&rsquo;s name. A sense of historical importance is palpable here, and for good reason: this area was the ancient capital of Brunei&rsquo;s maritime empire.</p>\r\n\r\n<p><img src=\"https://www.bruneitourism.com/wp-content/uploads/2019/08/batu_tersilah-600x437.jpg?_t=1565563595\" style=\"height:709px; width:973px\" title=\"batu_tersilah\" /></p>\r\n\r\n<h3>Batu Tersilah</h3>\r\n\r\n<p>It might be easy to miss this four-foot tall stone in the shadow of the grand Royal Mausoleum, but that doesn&rsquo;t diminish the importance the Batu Tersilah has on the country&rsquo;s history in the least. Constructed due to the request of Brunei&rsquo;s 14th and 16th Sultans, Sultan Muhyiddin and Sultan Husin Kamaluddin, the names of the country&rsquo;s rulers, from the first, Sultan Muhammad Shah to the nineteenth monarch, Sultan Tajuddin are carved on the stone. Batu Tersilah can be found outside the Royal Mausoleum and a replica of it can also be found in the Brunei History Centre.</p>\r\n\r\n<p><img src=\"https://www.bruneitourism.com/wp-content/uploads/2019/08/Maritime-museum-600x437.jpg?_t=1565563611\" style=\"height:709px; width:973px\" title=\"Maritime-museum\" /></p>\r\n\r\n<h3>Brunei Darussalam Maritime Museum</h3>\r\n\r\n<p>In 1997, a shipwreck off the coast of Brunei was discovered and unearthed over 13,000 valuable artefacts, giving a peek into the nation&rsquo;s maritime history and role as a leading trading power. The awe-inspiring skeleton of the vessel can be found in the Brunei Darussalam Maritime Museum, along with an exhibition on the history of the country&rsquo;s ancient capital.&nbsp;</p>\r\n', '2021-06-14 00:03:18', 'Culture'),
(35, 'PRIME MINISTER OFFICE', '<h3>&nbsp;</h3>\r\n\r\n<h4>OVERVIEW</h4>\r\n\r\n<p>The Prime Minister&rsquo;s Office was formed on the&nbsp;<strong>1st of January, 1984</strong>, the day Brunei Darussalam regained its independence. It has since been led by His Majesty Sultan Haji Hassanal Bolkiah Mu&rsquo;izzaddin Waddaulah ibni Al-Marhum Sultan Haji Omar &lsquo;Ali Saifuddien Sa&rsquo;adul Khairi Waddien, Sultan and Yang Di-Pertuan of Brunei Darussalam, as Prime Minister.</p>\r\n\r\n<p>His Royal Highness Prince Haji Al-Muhtadee Billah, the Crown Prince, was appointed Senior Minister at the Prime Minister&rsquo;s Office on&nbsp;<strong>24th May 2005</strong>&nbsp;by decree of His Majesty the Sultan and Yang Di-Pertuan of Brunei Darussalam. On&nbsp;<strong>30th January 2018</strong>, His Majesty appointed two new (2) Ministers at the Prime Minister&rsquo;s Office. This was followed by the appointment of one (1) additional Minister at the Prime Minister&rsquo;s Office on&nbsp;<strong>27th September 2018.</strong>&nbsp;The Prime Minister&rsquo;s Office currently has three (3) Permanent Secretaries and three (3) Deputy Permanent Secretaries, who are assisted by 18 Heads of Departments under the Prime Minister&rsquo;s Office. The Prime Minister&#39;s Office is the leading agency in the Government of His Majesty the Sultan and Yang Di-Pertuan of Brunei Darussalam which provides guidance in the planning, alignment and implementation of national policies towards the development and progress of the State, and in maintaining the well-being of the people in accordance with the principles and the values of Malay Islamic Monarchy (M.I.B.). Offices of the Prime Minister&rsquo;s Office are located at Istana Nurul Iman as well as at the Prime Minister&rsquo;s Office Building at Jalan Perdana Menteri, Bandar Seri Begawan.</p>\r\n\r\n<hr />\r\n<h4>VISION, MISSION AND STRATEGY</h4>\r\n\r\n<p><strong>Wawasan Brunei 2035 or Brunei Vision 2035</strong>, inaugurated by the Government of His Majesty the Sultan in 2007, aims to transform Brunei Darussalam to be known throughout the world as a nation whose people are educated; highly skilled and successful measured by the highest international standards, enjoy high quality of life that are among the world&#39;s top ten countries; and with a dynamic and sustainable economy. The Prime Minister&rsquo;s Office (PMO) plays a leading role in steering and coordinating actions towards the effective execution of the Government functions in pursuance of Wawasan 2035.</p>\r\n\r\n<p>Vision</p>\r\n\r\n<p>EXCELLENT LEADERSHIP AND GOVERNANCE FOR WAWASAN 2035 TOWARDS &ldquo;BALDATUN THAYYIBATUN WA RABBUN GHAFUR&rdquo;</p>\r\n\r\n<p>Mission</p>\r\n\r\n<p>TO LEAD IN THE DEVELOPMENT, COORDINATION AND IMPLEMENTATION OF NATIONAL POLICY BASED ON MELAYU ISLAM BERAJA (MIB)</p>\r\n\r\n<p><img alt=\"\" src=\"images/ministries/pmo/vissionandmission.jpg\" /></p>\r\n', '2021-06-14 00:04:11', 'Ministry'),
(36, 'Ministry of Finance', '<p><br />\r\n<img alt=\"\" src=\"https://www.mofe.gov.bn/Images1/Minister%20of%20Finance/kdymm%20kraya2-1.jpg\" /></p>\r\n\r\n<p>&nbsp;</p>\r\n\r\n<p>&nbsp;</p>\r\n\r\n<p><strong>HIS MAJESTY SULTAN HAJI HASSANAL BOLKIAH MU&rsquo;IZZADDIN WADDAULAH IBNI</strong><br />\r\n<strong>AL-MARHUM SULTAN HAJI OMAR &lsquo;ALI SAIFUDDIEN SA&rsquo;ADUL KHAIRI WADDIEN,</strong><br />\r\n<strong>SULTAN AND YANG DI-PERTUAN OF NEGARA BRUNEI DARUSSALAM</strong><br />\r\nTHE PRIME MINISTER<br />\r\nMINISTER OF DEFENCE<br />\r\nMINISTER OF FINANCE AND ECONOMY<br />\r\nMINISTER OF FOREIGN AFFAIRS</p>\r\n\r\n<p>&nbsp;</p>\r\n\r\n<p>His Majesty is the Prime Minister, Minister of Defence, Minister of Finance and Economy, and Minister of Foreign Affairs.<br />\r\n<br />\r\nAs the Sultan and Yang Di-Pertuan of Brunei Darussalam, His Majesty is the Supreme Executive Authority in Brunei Darussalam.&nbsp; In performing his duties, His Majesty is assisted by the following Councils: the Privy Council, the Council of Succession, the Religious Council, the Council of Ministers and the Legislative Council.<br />\r\n<br />\r\nHis Majesty was born on 15th July 1946 in Brunei Town (now Bandar Seri Begawan).<br />\r\n<br />\r\nHis Majesty undertook his early education in Brunei Darussalam and then went on to Kuala Lumpur, Malaysia to further his studies.&nbsp; His Majesty trained as an Officer at the Royal Military Academy, Sandhurst (United Kingdom) in 1966-67.<br />\r\n<br />\r\nHis Majesty was installed as The Crown Prince in 1961 at the age of 15.&nbsp; Following the voluntary abdication of his late father, Al-Marhum Sultan Haji Omar &lsquo;Ali Saifuddien Sa&rsquo;adul Khairi Waddien, His Majesty was proclaimed as the Sultan of Brunei Darussalam on 5th October 1967.<br />\r\n<br />\r\nHis Majesty was crowned as the 29th Sultan and Yang Di-Pertuan of Brunei Darussalam on 1st August 1968.<br />\r\n<br />\r\nIn 1978, His Majesty led a Mission to London for discussions with Her Britannic Majesty&rsquo;s Government on the change of status of Brunei Darussalam to that of a sovereign, independent state.&nbsp; The outcome was the Treaty of Friendship and Co-operation between Brunei Darussalam and Great Britain under which the British Government relinquished its responsibilities for the conduct of Brunei Darussalam&rsquo;s Foreign Affairs and Defence on 1st January 1984.<br />\r\n<br />\r\nHis Majesty is married to Her Majesty the Duli Raja Isteri Pengiran Anak Hajah Saleha. His Majesty has five princes and seven princesses.<br />\r\n<br />\r\nHis Majesty plays polo, squash and badminton.&nbsp; He is also a qualified pilot of both aeroplanes and helicopters.<br />\r\n<br />\r\nHis Majesty holds the Sovereign and Chief of the Family Order of the Crown of Brunei (Darjah Kerabat Mahkota Brunei - DKMB) as well as other orders of Brunei Darussalam.&nbsp; In addition, His Majesty has also received foreign orders and decorations.</p>\r\n', '2021-06-14 00:05:45', 'Ministry'),
(37, 'Ministry of Defence', '<p><img alt=\"\" src=\"https://www.mindef.gov.bn/Mindef%20topmenu%20pictures/Leadership-His%20Majesty/MOD%20II/MOD2.jpg\" /></p>\r\n\r\n<p><strong>YANG BERHORMAT PEHIN DATU LAILARAJA MAJOR GENERAL (RETIRED)</strong><br />\r\n<strong>DATO PADUKA SERI HAJI AWANG HALBI&nbsp;BIN&nbsp;HAJI MOHD YUSSOF</strong><br />\r\n<strong>MINISTER OF DEFENCE II</strong></p>\r\n\r\n<p><br />\r\nYang Berhormat Pehin Datu Lailaraja Major General (Retired) Dato Paduka Seri Haji Awang Halbi bin Haji Mohd Yussof was appointed as the Minister of Defence II&nbsp;on 30 January 2018.</p>\r\n\r\n<p>Previously, he has served as High Commissioner of Negara Brunei Darussalam to Malaysia in February 2010, Deputy Minister of Home Affairs in May 2010, and Minister of Culture, Youth and Sports in October 2015.</p>\r\n\r\n<p>In the early phase of his career, he served in the Royal Brunei Armed Forces (RBAF), where he held various staff and command appointments which includes Military Assistant to the Commander of the RBAF, Commanding Officer of 2nd Battalion Royal Brunei Land Force (RBLF), Staff Officer Grade 1 Operations Directorate of Operations and Plans, Acting Director at the Minister of Defence Office / Directorate of Strategic Planning, and Commander of the RBLF. On 1 March 2003, he was promoted to the rank of Major General and was appointed as the 7th Commander of the RBAF on 28 March 2003.</p>\r\n\r\n<p>Commissioned as a Second Lieutenant on 7 April 1977, he graduated from Royal Military Academy Sandhurst, United Kingdom. During his service of over three decades in the RBAF, he attended various courses and seminars locally and overseas such as those in the United Kingdom, Singapore, Malaysia, and Australia. The pinnacle courses he attended in his military career were the Command and Staff Course, Quetta, Pakistan in 1989, and a Postgraduate course in International Studies at the Royal College of Defence Studies in London in 2000. Yang Berhormat&nbsp;Pehin was also very much involved in joint military exercises and training with regional and overseas forces as well as humanitarian and disaster relief efforts in the region. During his tenure as Commander of RBAF, he also saw the deployment of RBAF personnel for the first time to the International Monitoring Team (IMT) in Mindanao, Aceh and Jogjakarta humanitarian assistance and disaster relief efforts and Aceh Monitoring Mission (AMM) in Indonesia, and United Nations Interim Force in Lebanon (UNIFIL). The Honourable Pehin retired from service on 31 December 2009.</p>\r\n\r\n<p>As a testimony of his distinguished service and career, Yang Berhormat Pehin was awarded with various honours and titles:</p>\r\n\r\n<p>&bull;&nbsp;&nbsp; &nbsp;1986: &quot;The Most Honourable Order of The Crown of Brunei, Third Class (SMB)&quot;.</p>\r\n\r\n<p>&bull;&nbsp;&nbsp; &nbsp;July 1996: His Majesty the Sultan and Yang Di-Pertuan of Brunei Darussalam consented to bestow him with the title &quot;Pehin Datu Lailaraja&quot;.</p>\r\n\r\n<p>&bull;&nbsp;&nbsp; &nbsp;September 2002: Indonesian Special Force Honorary Member (Warga Kehormat Komando Pasukan Khusus [KOPASSUS]).</p>\r\n\r\n<p>&bull;&nbsp;&nbsp; &nbsp;October 2002: &quot;Meritorious Service Medal (Military) Republic of Singapore.</p>\r\n\r\n<p>&bull;&nbsp;&nbsp; &nbsp;15 July 2003: His Majesty the Sultan and Yang Di-Pertuan of Brunei Darussalam consented to bestow him with the title of &quot;The Most Exalted Order of Paduka Keberanian Laila Terbilang&quot; First Class, which brings the title &quot;Dato Paduka Seri&quot;.</p>\r\n\r\n<p>&bull;&nbsp;&nbsp; &nbsp;23 November 2004: &quot;Distinguished Service Order (Military)&quot; Republic of Singapore.</p>\r\n\r\n<p>&bull;&nbsp;&nbsp; &nbsp;30 November 2004: &quot;Gallant Commander of the Malaysian Armed Forces (PGAT) - Honourary&quot; Malaysia.</p>\r\n\r\n<p>&bull;&nbsp;&nbsp; &nbsp;20 December 2004: &quot;Grand Meritorious Military Order, First Class&quot; (Bintang Yudha Dharma Utama) Indonesia.</p>\r\n\r\n<p>&bull;&nbsp;&nbsp; &nbsp;21 December 2004: Marine Corps Honorary Member of Indonesian National Armed Forces &ndash; Navy.</p>\r\n\r\n<p>&bull;&nbsp;&nbsp; &nbsp;24 May 2006: &quot;Philippine Legion of Honour&quot; (Rank of Commander).</p>\r\n\r\n<p>&bull;&nbsp;&nbsp; &nbsp;28 June 2006: Hilal-e-Imtiaz (Military) Pakistan.</p>\r\n\r\n<p>&bull;&nbsp;&nbsp; &nbsp;9 November 2006: Honorary Pilot Wing (First Class) and Honorary Member of The Special Unit Corps, (Korpaskhas) Air Force of Indonesia&#39;s Armed Forces.</p>\r\n\r\n<p>&bull;&nbsp;&nbsp; &nbsp;7 September 2007: 10th Para Brigade Malaysian Army Airborne Wing and Honorary Member.</p>\r\n\r\n<p>&bull;&nbsp;&nbsp; &nbsp;18 April 2008: Philippine Legion of Honor (Rank of Grand Officer).</p>\r\n\r\n<p>&bull;&nbsp;&nbsp; &nbsp;13 May 2008: &quot;Grand Cordon of Istklal (Order of Independence [First Degree])&rdquo; by His Majesty King Abdullah II King of Jordan.</p>\r\n\r\n<p>&bull;&nbsp;&nbsp; &nbsp;27 July 2009: Knight Grand Cross (First Class) of the Most Noble Order of the Crown of Thailand by His Majesty King of Thailand.</p>\r\n\r\n<p>&bull;&nbsp;&nbsp; &nbsp;27 November 2009: Armed Forces of the Philippines Major Services Command Badges comprising The Combat Commander&#39;s Kagitingan Badge - Philippine Army, The Philippine Navy Command at Sea Badge - Philippine Navy, and The Philippine Air Forces Gold Wing Badge - Philippine Air Force.</p>\r\n\r\n<p>&bull;&nbsp;&nbsp; &nbsp;25 July 2010: Pingat Hassanal Bolkiah Sultan (PHBS).</p>\r\n\r\n<p>Yang Berhormat&nbsp;Pehin Datu Lailaraja Major General (Retired) Dato Paduka Seri Haji Awang Halbi was born on 22 June 1956. He is married to Datin Hajah Kalshom binti Haji Suhaili and is blessed with five children, Dr. Nurus&#39; Salihah, Najaa-Hussalam, Ahmad Zaiemaddien, Muhamad Ar&#39;Rifa&#39;ie and Muhamad Kamil Ehsan.</p>\r\n\r\n<p>He enjoys playing golf, fishing and reading.</p>\r\n', '2021-06-14 00:08:02', 'Ministry'),
(38, 'wawasan 2035', '<p><img alt=\"241014_TITAH AWAL TAHUN HIJRAH (2).JPG\" src=\"http://www.wawasanbrunei.gov.bn/SiteAssets/SitePages/wawasan-brunei-2035/241014_TITAH%20AWAL%20TAHUN%20HIJRAH%20(2).JPG\" /></p>\r\n\r\n<blockquote>\r\n<blockquote>\r\n<blockquote>\r\n<blockquote>\r\n<blockquote>\r\n<h1><strong>TITAH</strong></h1>\r\n</blockquote>\r\n</blockquote>\r\n</blockquote>\r\n</blockquote>\r\n\r\n<blockquote>\r\n<blockquote>\r\n<blockquote>\r\n<p>&nbsp;</p>\r\n</blockquote>\r\n</blockquote>\r\n</blockquote>\r\n\r\n<blockquote>\r\n<blockquote>\r\n<blockquote>\r\n<p>&quot;Sementara kita tidak mengetahui jawapan kepada cabaran-cabaran dunia yang sangat kompleks, kita perlu mempersiapkan diri bagi masa depan.&nbsp; Kerajaan Beta insya-Allah akan sentiasa membuat penilaian dan pembaikan-pembaikan yang bersesuaian.&nbsp;Kita memang tidak sunyi dari menghadapi pelbagai cabaran baru yang tidak siapa pun dapat menjangkakannya. Tetapi selaras dengan pegangan kita, kita berusaha, di samping berdoa dan bertawakal, dengan penuh berani. Ini semua, pada akhirnya, akan mewujudkan ketahanan nasional, yang berperanan besar untuk menjamin kemajuan dan kemakmuran negara.</p>\r\n\r\n<p>&nbsp;</p>\r\n</blockquote>\r\n</blockquote>\r\n</blockquote>\r\n\r\n<blockquote>\r\n<blockquote>\r\n<blockquote>\r\n<p>Oleh sebab itulah kita telah merencanakan Wawasan Brunei yang munasabah sebagai warisan kewujudan bangsa.&nbsp;Wawasan telah mencarta hala tuju masa depan negara, memandu perancangan yang lebih bersistematik bagi menuju kepada sebuah negara dan mempunyai rakyat berpendidikan dan berkemahiran tinggi lagi berjaya, berkualiti dan mempunyai ekonomi yang dinamik lagi berdaya tahan.&quot;</p>\r\n\r\n<p>&nbsp;</p>\r\n</blockquote>\r\n</blockquote>\r\n</blockquote>\r\n\r\n<blockquote>\r\n<blockquote>\r\n<blockquote>\r\n<p><strong>Petikan Titah Kebawah Duli Yang Maha Mulia Paduka Seri Baginda Sultan Haji Hassanal Bolkiah Mu&#39;izzaddin Waddaulah, Sultan Dan Yang Di-Pertuan Negara Brunei Darussalam sempena menyambut tahun baru tahun masihi&nbsp;2009</strong></p>\r\n</blockquote>\r\n</blockquote>\r\n</blockquote>\r\n</blockquote>\r\n\r\n<p><br />\r\n&nbsp;</p>\r\n\r\n<p>&nbsp;</p>\r\n\r\n<p><strong>WAWASAN BRUNEI 2035</strong></p>\r\n\r\n<p>&nbsp;</p>\r\n\r\n<p>Pada tahun 2007, Kebawah Duli Yang Maha Mulia Paduka Seri Baginda Sultan Haji&nbsp;Hassanal Bolkiah&nbsp;Mu&#39;izzaddin Waddaulah ibni Al-Marhum Sultan Haji Omar Ali Saifuddien Sa&#39;adul Khairi Waddien, Sultan Dan Yang Di-Pertuan Negara Brunei Darussalam telah memperkenankan satu visi kemajuan jangka panjang negara yang dikenali sebagai&nbsp;Wawasan Brunei 2035.&nbsp;</p>\r\n\r\n<p>Menjelang tahun 2035, Negara Brunei Darussalam berhasrat untuk&nbsp;menjadi sebuah negara yang terkenal di seluruh&nbsp;dunia&nbsp;dengan pencapaian penduduknya yang berpengetahuan dan berkemahiran tinggi yang mengikut piawaian antarabangsa yang tertinggi; kualiti kehidupan yang tertinggi termasuk antara 10 negara teratas di dunia; dan ekonomi yang dinamik dan berdayatahan di antara 10 negara teratas&nbsp;dari segi&nbsp;Keluaran Dalam Negeri Kasar (KDNK) Per Kapita.</p>\r\n\r\n<p>Majlis Tertinggi Wawasan Brunei 2035 (MTWB) telah ditubuhkan pada tahun 2014 yang dipengerusikan oleh Duli Yang Teramat Mulia Paduka Seri Pengiran Muda Mahkota Pengiran Muda Haji Al-Muhtadee Billah Ibni Kebawah Duli Yang Maha Mulia Paduka Seri Baginda Sultan Haji Hassanal Bolkiah Mu&#39;izzadin Waddaulah, Menteri Kanan di Jabatan Perdana Menteri. MTWB akan memberikan hala tuju di peringkat kebangsaan mengenai isu-isu yang berkaitan dengan Wawasan Brunei 2035, melalui Kerangka Kerja Wawasan Brunei 2035.</p>\r\n', '2021-06-14 00:10:13', 'Wawasan'),
(39, 'Matlamat 1', '<p>​</p>\r\n\r\n<h1><em><strong>RAKYAT YANG BERPENDIDIKAN, BERKEMAHIRAN TINGGI DAN BERJAYA</strong></em></h1>\r\n\r\n<h1><em><strong>Taraf Antarabangsa Yang Tertinggi</strong></em></h1>\r\n\r\n<p>Matlamat 1 bagi Wawasan Brunei 2035 menumpukan&nbsp;kepada melahirkan&nbsp;rakyat yang berpendidikan, berkemahiran tinggi dan berjaya. Bagi&nbsp;mencapai hasrat Negara Brunei Darussalam untuk&nbsp;menjadi sebuah negara yang maju, ianya&nbsp; bergantung kepada asetnya&nbsp;yang paling berharga iaitu rakyat negara. Sumber tenaga manusia di negara ini hendaklah mampu membekalkan negara di samping berpegang kepada nilai-nilai Melayu Islam Beraja.&nbsp;Bagi memastikan kejayaan, negara beraspirasi untuk mencapai satu sistem pendidikan kelas pertama yang holistik, dengan fokus kepada memastikan pelajar-pelajar di semua peringkat dilengkai dengan ilmu pengetahuan dan kemahiran abad ke-21. Ini termasuk peringkat rendah, menengah, teknikal, vokasional serta pengajian tinggi.</p>\r\n\r\n<p>Sistem pendidikan dan latihan yang kukuh akan dapat&nbsp;memastikan kesemua individu mempunyai peluang untuk berkembang mengikut potensi mereka dan menjadi&nbsp;tenaga kerja yang produktif bagi memenuhi&nbsp;keperluan tenaga manusia. Berdasarkan Kerangka Kerja Wawasan Brunei 2035, Matlamat 1 mempunyai tiga (3)&nbsp;Hasil Pencapaian Kebangsaan, enam (6) Bidang Utama dan lapan (8) Petunjuk Prestasi Utama.&nbsp;</p>\r\n\r\n<p>Pendidikan dan pembelajaran sepanjang hayat yang mantap akan dapat memastikan kesemua individu mempunyai peluang untuk berkembang mengikut potensi mereka dan menjadi tenaga kerja yang produktif bagi memenuhi keperluan tenaga manusia. Berdasarkan Kerangka Kerja Wawasan Brunei 2035, Matlamat 1 mempunyai tiga (3) Hasil Pencapaian Kebangsaan, enam (6) Bidang Utama dan lapan (8) Petunjuk Prestasi Utama.</p>\r\n\r\n<h3>MATLAMAT WAWASAN</h3>\r\n\r\n<h3>HASIL PENCAPAIAN KEBANGSAAN</h3>\r\n\r\n<h3>BIDANG UTAMA</h3>\r\n\r\n<h3>KPI</h3>\r\n\r\n<p><img alt=\"Rakyat Yang Berpendidikan, Berkemahiran Tinggi Dan Berjaya\" src=\"http://www.wawasanbrunei.gov.bn/Site%20Images/Goal-1.png\" /></p>\r\n\r\n<h1>Rakyat Yang Berpendidikan, Berkemahiran Tinggi Dan Berjaya</h1>\r\n\r\n<p><img alt=\"http://wawasan2035-pmo-poc.egc.gov.bn/Site%20Images/framework-01a.png\" src=\"http://www.wawasanbrunei.gov.bn/Site%20Images/framework-01a.png\" /></p>\r\n\r\n<h3>Sistem Pendidikan Kelas Pertama</h3>\r\n\r\n<p><img alt=\"Peluang Pendidikan Yang Saksama\" src=\"http://www.wawasanbrunei.gov.bn/Site%20Images/framework-02a.png\" /></p>\r\n\r\n<h3>Peluang Pendidikan Yang Saksama</h3>\r\n\r\n<p><img alt=\"Pembangunan Sumber Tenaga Manusia\" src=\"http://www.wawasanbrunei.gov.bn/Site%20Images/framework-03a.png\" /></p>\r\n\r\n<h3>Pembangunan Sumber Tenaga Manusia</h3>\r\n\r\n<ul>\r\n	<li>Guru yang berkualiti tinggi dan berkelayakan</li>\r\n	<li>Sekolah yang berkualiti tinggi</li>\r\n	<li>Memastikan pencapaian dan kejayaan pelajar yang tinggi</li>\r\n</ul>\r\n\r\n<ul>\r\n	<li>​Penyertaan tinggi dalam pendidikan</li>\r\n</ul>\r\n\r\n<ul>\r\n	<li>Hasil pendidikan pasca-menengah yang berkualiti tinggi</li>\r\n	<li>Peluang dan akses kepada pembelajaran sepanjang hayat</li>\r\n</ul>\r\n\r\n<h1>8 KPI</h1>\r\n', '2021-06-14 00:10:40', 'Wawasan'),
(40, 'matlamat 2', '<table style=\"width:100%\">\r\n	<tbody>\r\n		<tr>\r\n			<td style=\"vertical-align:top\">&nbsp;</td>\r\n		</tr>\r\n	</tbody>\r\n</table>\r\n\r\n<h1><em><strong>KUALITI KEHIDUPAN YANG TINGGI</strong></em></h1>\r\n\r\n<h1><em><strong>10 Negara Teratas Di Dunia Menurut Indeks Pembangunan Manusia&nbsp;(UNDP)</strong></em><br />\r\n&nbsp;</h1>\r\n\r\n<p>Matlamat ini bertujuan untuk memberikan kualiti kehidupan yang tinggi setaraf dengan negara-negara maju di dunia. Untuk mencapai hasrat ini, tumpuan&nbsp;diberikan kepada penyediaan satu ekosistem yang holistik meliputi pelbagai aspek kehidupan seperti penyediaan kemudahan dan infrastruktur penting, keselamatan negara, penjagaan alam sekitar dan pemberian perlindungan sosial bagi semua lapisan masyarakat.</p>\r\n\r\n<p>&nbsp;</p>\r\n\r\n<p>Selaras dengan tumpuan tersebut, di bawah&nbsp;Kerangka Kerja Wawasan Brunei 2035, Matlamat 2 mempunyai lima (5)&nbsp;Hasil Pencapaian Kebangsaan, sebelas (11) Bidang Utama dan empat belas (14) Petunjuk Prestasi Utama Kebangsaan.</p>\r\n\r\n<h3>MATLAMAT WAWASAN</h3>\r\n\r\n<h3>HASIL PENCAPAIAN KEBANGSAAN</h3>\r\n\r\n<h3>BIDANG UTAMA</h3>\r\n\r\n<h3>KPI</h3>\r\n\r\n<p><img alt=\"Kualiti Kehidupan\" src=\"http://www.wawasanbrunei.gov.bn/Site%20Images/goal-2.png\" /></p>\r\n\r\n<h1>Kualiti Kehidupan</h1>\r\n\r\n<p><img alt=\"Taraf Hidup yang Tinggi\" src=\"http://www.wawasanbrunei.gov.bn/Site%20Images/framework-04a.png\" /></p>\r\n\r\n<h3>Taraf Hidup yang Tinggi</h3>\r\n\r\n<p><img alt=\"Mempertahankan Kedaulatan dan kestabilan\" src=\"http://www.wawasanbrunei.gov.bn/Site%20Images/framework-05a.png\" /></p>\r\n\r\n<h3>Mempertahankan Kedaulatan dan Kestabilan</h3>\r\n\r\n<p><img alt=\"Persekitaran Lestari\" src=\"http://www.wawasanbrunei.gov.bn/Site%20Images/framework-06a.png\" /></p>\r\n\r\n<h3>Persekitaran Lestari</h3>\r\n\r\n<p><img alt=\"Masyarakat yang Bersepadu dan Berdayatahan\" src=\"http://www.wawasanbrunei.gov.bn/Site%20Images/framework-07a.png\" /></p>\r\n\r\n<h3>Masyarakat Yang Bersepadu dan Berdaya Tahan</h3>\r\n\r\n<p><img alt=\"Keselamatan dan Kesihatan Tempat Kerja Bertaraf Antarabangsa\" src=\"http://www.wawasanbrunei.gov.bn/Site%20Images/framework-08a.png\" /></p>\r\n\r\n<h3>Kesihatan dan Keselamatan Tempat Kerja Bertaraf Antarabangsa</h3>\r\n\r\n<ul>\r\n	<li>Warga sihat</li>\r\n	<li>Utiliti dan Infrastruktur Awam Yang Berkualiti Tinggi yang boleh diakses oleh semua</li>\r\n	<li>Pemilik kediaman yang tinggi</li>\r\n	<li>Peningkatan tahap sosial</li>\r\n	<li>Pemberian perkhidmatan yang cemerlang</li>\r\n</ul>\r\n\r\n<ul>\r\n	<li>​Salah satu negara yang terselamat di dunia</li>\r\n</ul>\r\n\r\n<ul>\r\n	<li>​Persekitaran yang bersih dan hijau</li>\r\n</ul>\r\n\r\n<ul>\r\n	<li>Jaminan sosial yang inklusif dan berdayatahan</li>\r\n	<li>Rakyat yang mempunyai nilai-nilai teras</li>\r\n	<li>Keharmonian sosial melalui perpaduan masyarkat</li>\r\n</ul>\r\n\r\n<ul>\r\n	<li>Kesedaran &amp; Pematuhan Industri kepada Perundangan / Piawaian Kesihatan dan Keselamatan Tempat Kerja</li>\r\n</ul>\r\n\r\n<h1>14 KPI</h1>\r\n', '2021-06-14 00:11:14', 'Wawasan'),
(41, 'matlamat 3', '<h1><em><strong>EKONOMI YANG DINAMIK DAN BERDAYATAHAN</strong></em></h1>\r\n\r\n<h1><em><strong>10 Negara Teratas Di Dunia Dari Segi Pendapatan Per Kapita</strong></em></h1>\r\n\r\n<p>&nbsp;</p>\r\n\r\n<p>&nbsp;</p>\r\n\r\n<p>&nbsp;</p>\r\n\r\n<p>Ekonomi Negara Brunei Darussalam pada masa ini adalah amat bergantung kepada sektor minyak dan gas sebagai sumber eksport dan hasil pendapatannya.&nbsp;Bagi memastikan ekonomi yang berdaya tahan untuk generasi masa depan, Matlamat 3 di bawah Wawasan Brunei 2035 berhasrat untuk mengubah negara menjadi sebuah negara maju yang mempunyai pendapatan tinggi, menggunakan pengetahuan dan teknologi sebagai asas pembangunan dan mengukuhkan penglibatan sektor swasta di samping mengekalkan peranan kerajaan dalam memudahcara pembangunan ekonomi negara.</p>\r\n\r\n<p>Oleh itu, mempelbagaikan ekonomi merupakan antara agenda utama dalam pembangunan ekonomi negara. Dalam Kerangka Kerja Wawasan Brunei 2035, Matlamat 3 mengandungi empat (4) Hasil Pencapaian dan sebelas (11) Bidang Utama yang dipantau menggunakan lima belas (15) Petunjuk Prestasi Utama.</p>\r\n\r\n<h3>MATLAMAT WAWASAN</h3>\r\n\r\n<h3>HASIL PENCAPAIAN KEBANGSAAN</h3>\r\n\r\n<h3>BIDANG UTAMA</h3>\r\n\r\n<h3>KPI</h3>\r\n\r\n<p><img alt=\"Ekonomi Yang Dinamik Dan Berdayatahan\" src=\"http://www.wawasanbrunei.gov.bn/Site%20Images/goal-3.png\" /></p>\r\n\r\n<h1>Ekonomi Yang Dinamik Dan Berdayatahan</h1>\r\n\r\n<p><img alt=\"Pertumbuhan Ekonomi yang Tinggi dan Berdayatahan\" src=\"http://www.wawasanbrunei.gov.bn/Site%20Images/framework-09a.png\" /></p>\r\n\r\n<h3>Pertumbuhan Ekonomi Yang Tinggi dan Berdayatahan</h3>\r\n\r\n<p><img alt=\"Kepelbagaian Ekonomi\" src=\"http://www.wawasanbrunei.gov.bn/Site%20Images/framework-10a.png\" /></p>\r\n\r\n<h3>Kepelbagaian Ekonomi</h3>\r\n\r\n<p><img alt=\"Tahap Pengangguran yang Rendah\" src=\"http://www.wawasanbrunei.gov.bn/Site%20Images/framework-11a.png\" /></p>\r\n\r\n<h3>Tahap Pengangguran yang Rendah</h3>\r\n\r\n<p><img alt=\"Kestabilan Makroekonomi\" src=\"http://www.wawasanbrunei.gov.bn/Site%20Images/framework-12a.png\" /></p>\r\n\r\n<h3>Kestabilan Makroekonomi</h3>\r\n\r\n<ul>\r\n	<li>Pengeluaran dan produktiviti</li>\r\n	<li>Pelaburan</li>\r\n</ul>\r\n\r\n<ul>\r\n	<li>Kepelbagaian sektor</li>\r\n	<li>Kepelbagaian ekspot</li>\r\n	<li>Meluaskan asas hasil</li>\r\n</ul>\r\n\r\n<ul>\r\n	<li>Penjanaan pekerjaan</li>\r\n	<li>Mobiliti tenaga kerja</li>\r\n</ul>\r\n\r\n<ul>\r\n	<li>Kestabilan harga</li>\r\n	<li>Imbangan luar</li>\r\n	<li>Kestabilan fiskal</li>\r\n	<li>Kestabilan kewangan</li>\r\n</ul>\r\n\r\n<h1>15 KPI</h1>\r\n', '2021-06-14 00:11:44', 'Wawasan'),
(42, 'Reference', '<p>https://www.ukessays.com/essays/history/importance-of-upholding-the-malay-islamic-monarchy-philosophy-history-essay.php</p>\r\n\r\n<p><br />\r\nhttps://www.everyculture.com/Bo-Co/Brunei-Darussalam.html</p>\r\n\r\n<p>&nbsp;</p>\r\n\r\n<p>https://www.bruneitourism.com/things-to-do/art-culture-heritage/</p>\r\n\r\n<p>&nbsp;</p>\r\n\r\n<p>https://www.cambridge.org/core/journals/asian-journal-of-comparative-law/article/abs/ideology-and-law-the-impact-of-the-mib-ideology-on-law-and-dispute-resolution-in-the-sultanate-of-brunei-darussalam/D61D9B83F81F09C6B92DB5095E9667D8</p>\r\n', '2021-06-14 00:12:37', 'Reference');

-- --------------------------------------------------------

--
-- Table structure for table `comment`
--

CREATE TABLE `comment` (
  `comment_id` int(255) NOT NULL,
  `a_id` int(255) NOT NULL,
  `user_id` int(255) NOT NULL,
  `username` varchar(255) NOT NULL,
  `comment` text NOT NULL,
  `created` timestamp NOT NULL DEFAULT current_timestamp() ON UPDATE current_timestamp()
) ENGINE=InnoDB DEFAULT CHARSET=utf8mb4;

--
-- Dumping data for table `comment`
--

INSERT INTO `comment` (`comment_id`, `a_id`, `user_id`, `username`, `comment`, `created`) VALUES
(1, 19, 12, '', 'Lorem ipsum dolor sit amet, consectetur adipiscing elit. Curabitur pharetra vel nisl ut vestibulum. Sed cursus ligula arcu, at volutpat lorem accumsan vehicula. Praesent luctus tempor lectus nec porttitor. Curabitur sodales sem eu turpis commodo, vitae laoreet odio faucibus. Praesent tristique sem a mattis feugiat. Sed in ante consequat, hendrerit sem sit amet, lobortis augue. Praesent et nulla sed justo congue convallis mattis in libero. Aenean at arcu auctor, posuere ligula sit amet, aliquet lorem. Pellentesque commodo quis purus nec ultrices. Aliquam consectetur feugiat gravida. Duis velit mi, volutpat ac porta nec, ornare bibendum mi. Phasellus sed leo ut tortor ornare lacinia. Suspendisse vel magna nec augue ultrices iaculis congue eu mauris.', '2021-06-10 17:54:50'),
(2, 19, 12, '', 'test comment 1', '2021-06-10 11:52:06'),
(3, 19, 12, '', 'test comment', '2021-06-10 11:53:03'),
(13, 19, 13, '', 'testetse', '2021-06-11 05:13:55'),
(14, 19, 13, '', 'id test', '2021-06-11 05:47:53'),
(15, 19, 13, '', 'tst', '2021-06-11 05:48:13'),
(16, 19, 13, '', 'asdasdas', '2021-06-11 05:49:40'),
(17, 19, 13, '', 'asdasdasdas', '2021-06-11 05:52:54'),
(18, 19, 13, '', 'tseaads', '2021-06-12 20:21:19'),
(20, 19, 13, '', 'asdasdasads', '2021-06-12 21:02:53'),
(21, 19, 13, '', 'MIC TEST', '2021-06-12 21:03:02'),
(24, 0, 13, '', 'asdasdas', '2021-06-12 21:22:41'),
(25, 0, 13, '', 'asdasdas', '2021-06-12 21:24:08'),
(26, 29, 13, '', 'asdsad', '2021-06-12 21:25:27'),
(27, 29, 13, '', 'test 29\r\n', '2021-06-12 21:25:49'),
(28, 29, 13, '', 'test 29\r\n', '2021-06-12 21:26:20'),
(29, 19, 13, '', 'asdasda', '2021-06-12 21:26:42'),
(30, 19, 13, '', 'asdasd', '2021-06-12 21:28:46'),
(31, 19, 13, '', 'asdasd', '2021-06-12 21:29:17'),
(32, 19, 13, '', 'test 19\r\n', '2021-06-12 21:32:21'),
(33, 29, 16, '', 'James Bean', '2021-06-12 21:39:58'),
(34, 29, 16, '', 'live\r\n', '2021-06-13 04:45:53'),
(35, 29, 16, '', 'teas', '2021-06-13 04:46:42'),
(36, 29, 16, '', 'adasd', '2021-06-13 19:16:15'),
(37, 29, 16, '', 'adasd', '2021-06-13 19:16:31'),
(38, 29, 16, '', 'adasd', '2021-06-13 19:17:18'),
(39, 29, 16, 'James', 'asd', '2021-06-13 19:17:25'),
(40, 29, 16, '', 'asd', '2021-06-13 19:18:14'),
(41, 29, 16, 'James', 'test', '2021-06-13 19:24:38'),
(42, 29, 16, 'James', 'test', '2021-06-13 19:24:58'),
(43, 29, 16, 'James', 'check', '2021-06-13 19:26:30'),
(44, 29, 13, 'Khairi', 'name test', '2021-06-13 19:27:21');

-- --------------------------------------------------------

--
-- Table structure for table `users`
--

CREATE TABLE `users` (
  `user_id` int(255) NOT NULL,
  `fName` varchar(255) NOT NULL,
  `lName` varchar(255) NOT NULL,
  `phoneNum` int(255) NOT NULL,
  `eMail` varchar(255) NOT NULL,
  `uPassword` varchar(255) NOT NULL,
  `userType` varchar(255) NOT NULL
) ENGINE=InnoDB DEFAULT CHARSET=utf8mb4;

--
-- Dumping data for table `users`
--

INSERT INTO `users` (`user_id`, `fName`, `lName`, `phoneNum`, `eMail`, `uPassword`, `userType`) VALUES
(12, 'Khairi', 'Omarali', 8237797, 'khairi_omarali@Hotmail.com', '827ccb0eea8a706c4c34a16891f84e7b', 'Admin'),
(13, 'Khairi', 'Omarali', 8237797, 'khai201@mail.com', '827ccb0eea8a706c4c34a16891f84e7b', 'Member'),
(14, 'Khairi', 'Omarali', 8237797, 'admin@mail.com', '21232f297a57a5a743894a0e4a801fc3', 'Admin'),
(15, 'd', 'd', 0, 'user@mail.com', '827ccb0eea8a706c4c34a16891f84e7b', 'Member'),
(16, 'James', 'Bean', 1235598, 'bean@mail.com', 'd5f01f1d1b4b2a8c9f6ddb216d9baa60', 'Member'),
(17, 'firdaus', 'hasa', 1111111, 'firdaus@mail.com', 'f7da6674cea27cd772ad0d933ae93103', 'Member');

--
-- Indexes for dumped tables
--

--
-- Indexes for table `articles`
--
ALTER TABLE `articles`
  ADD PRIMARY KEY (`a_id`);

--
-- Indexes for table `comment`
--
ALTER TABLE `comment`
  ADD PRIMARY KEY (`comment_id`);

--
-- Indexes for table `users`
--
ALTER TABLE `users`
  ADD PRIMARY KEY (`user_id`);

--
-- AUTO_INCREMENT for dumped tables
--

--
-- AUTO_INCREMENT for table `articles`
--
ALTER TABLE `articles`
  MODIFY `a_id` int(11) NOT NULL AUTO_INCREMENT, AUTO_INCREMENT=46;

--
-- AUTO_INCREMENT for table `comment`
--
ALTER TABLE `comment`
  MODIFY `comment_id` int(255) NOT NULL AUTO_INCREMENT, AUTO_INCREMENT=45;

--
-- AUTO_INCREMENT for table `users`
--
ALTER TABLE `users`
  MODIFY `user_id` int(255) NOT NULL AUTO_INCREMENT, AUTO_INCREMENT=18;
COMMIT;

/*!40101 SET CHARACTER_SET_CLIENT=@OLD_CHARACTER_SET_CLIENT */;
/*!40101 SET CHARACTER_SET_RESULTS=@OLD_CHARACTER_SET_RESULTS */;
/*!40101 SET COLLATION_CONNECTION=@OLD_COLLATION_CONNECTION */;
